Scientific Name,NAMES FROM FISHBASE,EXPERT NAME,
Aequipecten opercularis,N/A,,
Anguilla anguilla,"Aal, Blankaal, Europäischer Aal, Flussaal, Gelbaal",,
Arca noae,N/A,,
Arnoglossus laterna,Lammzunge,,Fish4life
Arnoglossus thori,"Schorrfisch, Thor-butt",,Fish4life
Atherina boyeri,"Kleiner Ährenfisch, Rundkopf-Ährenfisch",,Fish4life
Auxis rochei,"Fregattenmakrele, Fregattmakrele, Unechter Bonito",,Fish4life
Barbatia barbata,N/A,,
Belone belone,"Gemeiner Hornhecht, Gewöhnlicher Hornhecht, Grünknochen, Hornfisch, Hornhecht, Schneefell, Sturmfisch",,Fish4life
Bolinus brandaris,"Brandhorn, Herkuleskeule",,
Boops boops,"Gelbstrieme, Gelbstriemen, Blöker",,Fish4life
Bothus podas,"Butt, Flunder, Sandbutt, Weitaugenbutt",,Fish4life
Callista chione,N/A,,
Campogramma glaycos,"Gabelmakrele, Gestreifte Makrele, Lichia",,
Carcharinus plumbeus,"Braunhai, Großflossenhai, Sandbankhai",,
Cerastoderma glaucum,"Brackwasser Herzmuschel, Brackwassermuschel, Gewöhnliche Herzmuschel, Lagunen-Herzmuschel",,
Cetorhinus maximus,"Mandelhai, Reuzenhai, Riesenhai",,
Chamellea gallina,N/A,,
Dentex dentex,Zahnbrasse,,
Dentex gibbosus,Dickkopf-Zahnbrasse,,Fish4life
Dentex macrophthalmus,"Großaugen-Zahnbrasse, Großaugenzahnbrasse",,Fish4life
Dicentrarchus labrax,"Gemeiner Seebarsch, Gemeiner Wolfsbarsch, Meerbarsch, Salmbarsch, Seebarsch, Seewolf, Wolfsbarsch",,Fish4life
Diplodus annularis,Ringelbrasse,,Fish4life
Diplodus puntazzo,Spitzbrasse,,Fish4life
Diplodus sargus,"Bindenbrasse, Geißbrasse",,Fish4life
Diplodus vulgaris,"Gemeiner Geißbrassen,Zweibindenbrasse",,Fish4life
Donax trunculus,N/A,,
Dosinia exoleta,Artemismuschel,,
Engraulis encrasicolus,"Anchovis, Europäische Sardelle, Sardelle",,Fish4life
Epinephelus aeneus,Weißer Zackenbarsch,,Fish4life
Epinephelus caninus,Hundezahn-Zackenbarsch,,
Epinephelus costae,"Alexanderbarsch, Gestreifter Zackenbarsch",,Fish4life
Epinephelus marginatus,"Brauner Zackenbarsch, Brauner Zackenbarsch, Großer Sägebarsch, Riesen-Zackenbarsch, Riesen-Zackenbarsch.",,Fish4life
Euthynnus alletteratus,"Falscher Bonito, Kleiner Thun, Thonine",,Fish4life
Flexopecten glaber,N/A,,
Galeorhinus galeus,"Australischer Hundshai, Beithai, Gemeine Meersau, Großer Hundshai, Schulhai",,
Gari depressa,N/A,,
Haliotis tuberculata,"Gemeines Seeohr, Grünes Seeohr, Seeohr",,
Heptranchias perlo,"Aschfarbener Siebenspalthai, Kammzähner, Perlon, Siebenkiemiger Kammzähner, Spitzkopf-Siebenkiemenhai, Spitzkopfsiebenkiemer",,
Homarus gammarus,N/A,,Fish4life
Lamna nasus,Heringshai,,Fish4life
Lithognathus mormyrus,Marmorbrasse,,Fish4life
Lithophaga lithophaga,"Dattelmuschel, Seedattel, Steindattel",,
Loligo vulgaris,Europälscher Langflossenkalmar,,Fish4life
Merluccius merluccius,"Europäischer Seehecht, Hechtdorsch, Seehecht",,Fish4life
Micromesistius poutassou,"Blauer Wittling, Stockfisch",,Fish4life
Mitra zonata,N/A,,
Modiolus barbatus,N/A,,
Mugil cephalus,"Flachkopf-Meeräsche, Gemeine Meeräsche, Gestreifte Meeräsche, Gewöhnliche Meeräsche, Großkopf, Großkopf-Meeräsche, Grossköpfige Meeräsche, Harder",,Fish4life
Mullus barbatus,"Meerbarbe, Rotbarbe, Rote Meerbarbe",,Fish4life
Mullus surmuletus,"Gestreifte Meerbarbe, Meerbarbe, Streifenbarbe",,Fish4life
Mustelus asterias,"Gefleckter Hundshai, Glatthai, Nördlicher Glatthai, Weißgefleckter Glatthai",,
Mustelus mustelus,"Gemeiner Südlicher Glatthai, Glatthai, Grauer Glatthai, Hundshai, Mittelmeer-Glatthai",,
Mustelus punctulatus,"Gepunkteter Glatthai, Schwarzpunkt-Glatthai",,
Mytillus galloprovincialis,N/A,,
Nephrops norvegicus,"Buchstabenkrebs,Kaisergranat, Kaiserhummer, Norwegische hummer",,Fish4life
Oblada melanurus,"Brandbasse, Brandbrasse",,Fish4life
Ostrea edulis,N/A,,
Pagellus acarne,"Achselfleckbrasse, Meerbrasse",,Fish4life
Pagellus bogaraveo,"Blaubarsch, Graubarsch, Meerbrasse, Nordische Meerbrasse, Nordischer Meerbrassen, Seekarpfen",,Fish4life
Pagellus erythrinus,"Rotbrasse, Rotbrassen",,Fish4life
Pagrus pagrus,"Gewöhnliche Rotbrasse, Sackbrasse",,Fish4life
Palinurus elephas,"Europäische languste, Gemeine languste, Languste",,Fish4life
Parapenaeus longirostris,"Rosa garnele, Rosa Geißelgarnele",,Fish4life
Pecten jacobaeus,"Jakobsmuscheln, Mittelmeer-Pilgermuschel, Pilgermuscheln",,
Pholas dactylus,N/A,,
Phycis blennoides,"Gabeldorsch, Großer Gabeldorsch, Schleimfischartige Meertrüsche",,Fish4life
Pinna nobilis,"Edle, Edle Steckmuschel, Große Steckmuschel, Schinkenmuschel",,Fish4life
Platichthys flesus,"Butt, Elbbutt, Flinder, Flinger, Flunder, Gemeine Flunder, Goldflunder, Graubutt, Sandbutt, Strombutt, Struffbutt, Struvbutt, Wattbutt, Weserbutt",,Fish4life
Polyprion americanus,"Atlantischer Wrackbarsch, Wrackbarsch, Wrackfisch",,Fish4life
Pomatomus saltatrix,"Blaubarsch, Blaufisch",,Fish4life
Pseudocaranx dentex,Zahn-Makrele,,Fish4life
Ruditapes decussatus,N/A,,
Sarda sarda,"Bonito, Pelamide, Unechter Bonito",,Fish4life
Sardina pilchardus,"Pilchard, Sardine",,Fish4life
Sardinella aurita,Sardinelle,,Fish4life
Sardinella maderensis,Madeira-Sardinelle,,Fish4life
Sarpa salpa,"Goldstrieme, Salpe",,Fish4life
Scomber japonicus,"Blasenmakrele, Japanische Makrele, Mittelmeer-Makrele, Mittelmeermakrele, Spanische Makrele, Thunmakrele",,Fish4life
Scomber scombrus,"Atlantische Makrele, Gemeine Makrele, Makrele",,Fish4life
Scophthalmus maximus,Steinbutt,,Fish4life
Scyllarides latus,Grosser Bärenkrebs,,
Sepia officinalis,"Gemeiner, Gemeiner tintenfisch, Sepie, Tintenfisch",,Fish4life
Seriola dumerili,"Bernstein-Stachelmakrele, Bernsteinfisch, Grünel",,Fish4life
Siganus luridus,Brauner Kaninchenfisch,,Fish4life
Siganus rivulatus,Rotmeer-Kaninchenfisch,,Fish4life
Solea sole?,"Seezunge, Zunge",,Fish4life
Sparisoma cretense,"Papageifisch, Seepapagei",,Fish4life
Sphyraena sphyraena,"Barracuda, Europäischer Barrakuda, Gemeiner Pfeilhecht, Mittelmeerbarrakuda, Pfeilhecht",,Fish4life
Sphyraena viridensis,Gebänderter Barrakuda,,Fish4life
Spicara maena,"Laxierfisch, Pikarelle, Schnauzenbrassen",,Fish4life
Spicara smaris,"Schnauzen-Pikarelle, Smaris",,Fish4life
Spisula subtruncata,Gedrungene Trogmuschel,,
Spondyliosoma cantharus,"Seekarpfe, Seekarpfen, Streifenbrasse, Streifenbrassen",,Fish4life
Sponylus gaederopus,N/A,,
Squatina spp,N/A,,
Thais haemastoma,"Purpurschnecke, Rotmund Maulbeere",,
Thunnus alalunga,"Germon, Langflossenthun, Thunfisch, Weißer Thun",,Fish4life
Tonna galea,"Große Fassschnecke, Große Tonnenschnecke",,
Trachinotus ovatus,"Bläuel, Dreipunkt-Langflossen-Stachelmakrele, Palometa",,Fish4life
Trachurus picturatus,Blaue Bastardmakrele,,Fish4life
Uranoscopus scaber,"Himmelsgucker, Sterngucker",,Fish4life
Venerus spp,N/A,,
Xiphias gladius,Schwertfisch,,Fish4life
Charonia tritonis,Tritonshorn,,
Paracentrotus lividus,Steinseeigel,,Fish4life
Trachurus mediterraneus,"Mittelmeer-Bastardmakrele, Mittelmeer-Stöcker",,Fish4life
Scomber colias,Mittelmeermakrele,,Fish4life
Sparus aurata,"Dorade, Dorade Royal, Gemeine Goldbrasse, Goldbrasse, Goldkopf",,Fish4life
Trachurus trachurus ,"Bastardmakrele, Holzmakrele, Stöcker, Stöker",,Fish4life
Thunnus thynnus,"Atlantischer Thunfisch, Blauflossen Thun, Großer Thun, Roter Thun, Thune, Thunfisch",,Fish4life
Xyrichtis novacula,Schermesserfisch,,Fish4life
Scorpaena porcus,"Brauner Drachenkopf, Kleine Meersau",,Fish4life
Scorpaena scrofa,"Große Meersau, Großer Drachenkopf, Großer Roter Drachenkopf, Meersau, Roter Drachenkopf",,Fish4life
Conger conger,"Conger, Congeraal, Gemeiner Meeraal, Meeraal",,Fish4life
Trachinus draco,"Gewöhnliches Petermännchen, Großes Petermännchen, Petermännchen, Stachelfisch",,Fish4life
Lophius piscatorius,"Angler, Froschfisch, Seeteufel",,Fish4life
Lophius budegassa,Kleiner Seeteufel,,Fish4life
Lichia amia,"Gabelmakrele, Lichia, Große Gabelmakrele, Große gabelmakrele, Stachelmakrele ",,Fish4life
Serranus scriba,Schriftbarsch,,Fish4life
Serranus cabrilla,"Blutstriemen, Sägebarsch, Schriftbarsch, Ziegenbarsch",,Fish4life
Sciaena umbra,"Meerrabe, Seerabe",,Fish4life
Octopus vulgaris,"Gemeiner krake, Gewöohnlicher krake, Krake, Pulpo",,Fish4life
Coryphaena hippurus,"Gemeine Goldmakrele, Goldmakrele",,Fish4life
Penaeus Kerathurus,Furchenkrebs,,Fish4life
Fistularia commersonii ,Flötenfisch,,Fish4life
Pterois miles ,Rotfeuerfisch,,Fish4life
Parupeneus forsskali ,Rotmeer-Barbe,,Fish4life
Sphyraena chrysotaenia ,Stumpfer Barrakuda,,Fish4life
Hemiramphus far ,"Gefleckter Halbschnäbler, Halbschnäbler",,Fish4life
Saurida lessepsianus,N/A,,Fish4life
Stephanolepis diaspros ,Feilenfisch,,Fish4life
Sargocentron rubrum ,Gestreifter Soldatenfisch,,Fish4life
Planiliza haematocheilus,N/A,,Fish4life
Atherinomorus forskalii ,N/A,,Fish4life
Scarus ghobban ,N/A,,Fish4life
Scomberomorus commerson,"Indische Königsmakrele, Spanische Makrele",,Fish4life
Upeneus pori ,N/A,,Fish4life
Alepes djedaba,N/A,,Fish4life
Lagocephalus sceleratus,N/A,,Fish4life
Sepioteuthis lessoniana,N/A,,Fish4life
Pempheris rhomboidea,N/A,,Fish4life
Callinectes sapidus,Blaue Schwimmkrabbe,,Fish4life
Diadema setosum ,N/A,,Fish4life
