"usageKey","scientificName","canonicalName","rank","status","confidence","matchType","kingdom","phylum","order","family","genus","species","kingdomKey","phylumKey","classKey","orderKey","familyKey","genusKey","speciesKey","class","acceptedUsageKey","synonym","verbatim_name","verbatim_index"
2285838,"Aequipecten opercularis (Linnaeus, 1758)","Aequipecten opercularis","SPECIES","ACCEPTED",99,"EXACT","Animalia","Mollusca","Pectinida","Pectinidae","Aequipecten","Aequipecten opercularis",1,52,137,9250425,3472,2285834,2285838,"Bivalvia",NA,NA,"Aequipecten opercularis",1
5212973,"Anguilla anguilla (Linnaeus, 1758)","Anguilla anguilla","SPECIES","ACCEPTED",99,"EXACT","Animalia","Chordata","Anguilliformes","Anguillidae","Anguilla","Anguilla anguilla",1,44,NA,495,2949,2403092,5212973,NA,NA,NA,"Anguilla anguilla",2
4373199,"Arca noae Linnaeus, 1758","Arca noae","SPECIES","ACCEPTED",99,"EXACT","Animalia","Mollusca","Arcida","Arcidae","Arca","Arca noae",1,52,137,9574493,3483,2286209,4373199,"Bivalvia",NA,NA,"Arca noae",3
2408554,"Arnoglossus laterna (Walbaum, 1792)","Arnoglossus laterna","SPECIES","ACCEPTED",99,"EXACT","Animalia","Chordata","Pleuronectiformes","Bothidae","Arnoglossus","Arnoglossus laterna",1,44,NA,588,8608,2408505,2408554,NA,NA,NA,"Arnoglossus laterna",4
2408543,"Arnoglossus thori Kyle, 1913","Arnoglossus thori","SPECIES","ACCEPTED",99,"EXACT","Animalia","Chordata","Pleuronectiformes","Bothidae","Arnoglossus","Arnoglossus thori",1,44,NA,588,8608,2408505,2408543,NA,NA,NA,"Arnoglossus thori",5
2411944,"Atherina boyeri Risso, 1810","Atherina boyeri","SPECIES","ACCEPTED",99,"EXACT","Animalia","Chordata","Atheriniformes","Atherinidae","Atherina","Atherina boyeri",1,44,NA,496,7172,2348168,2411944,NA,NA,NA,"Atherina boyeri",6
4286088,"Auxis rochei (Risso, 1810)","Auxis rochei","SPECIES","ACCEPTED",99,"EXACT","Animalia","Chordata","Perciformes","Scombridae","Auxis","Auxis rochei",1,44,NA,587,8596,2374231,4286088,NA,NA,NA,"Auxis rochei",7
4373234,"Barbatia barbata (Linnaeus, 1758)","Barbatia barbata","SPECIES","ACCEPTED",99,"EXACT","Animalia","Mollusca","Arcida","Arcidae","Barbatia","Barbatia barbata",1,52,137,9574493,3483,2286193,4373234,"Bivalvia",NA,NA,"Barbatia barbata",8
2369178,"Belone belone (Linnaeus, 1760)","Belone belone","SPECIES","ACCEPTED",99,"EXACT","Animalia","Chordata","Beloniformes","Belonidae","Belone","Belone belone",1,44,NA,498,7190,2369177,2369178,NA,NA,NA,"Belone belone",9
4366020,"Bolinus brandaris (Linnaeus, 1758)","Bolinus brandaris","SPECIES","ACCEPTED",99,"EXACT","Animalia","Mollusca","Neogastropoda","Muricidae","Bolinus","Bolinus brandaris",1,52,225,982,2304120,4366019,4366020,"Gastropoda",NA,NA,"Bolinus brandaris",10
5210955,"Boops boops (Linnaeus, 1758)","Boops boops","SPECIES","ACCEPTED",99,"EXACT","Animalia","Chordata","Perciformes","Sparidae","Boops","Boops boops",1,44,NA,587,5068,2375084,5210955,NA,NA,NA,"Boops boops",11
5213852,"Bothus podas (Delaroche, 1809)","Bothus podas","SPECIES","ACCEPTED",99,"EXACT","Animalia","Chordata","Pleuronectiformes","Bothidae","Bothus","Bothus podas",1,44,NA,588,8608,2408619,5213852,NA,NA,NA,"Bothus podas",12
5189285,"Callista chione (Linnaeus, 1758)","Callista chione","SPECIES","ACCEPTED",99,"EXACT","Animalia","Mollusca","Venerida","Veneridae","Callista","Callista chione",1,52,137,9310756,3445,2287640,5189285,"Bivalvia",NA,NA,"Callista chione",13
2390739,"Campogramma glaycos (Lacepède, 1801)","Campogramma glaycos","SPECIES","ACCEPTED",99,"EXACT","Animalia","Chordata","Perciformes","Carangidae","Campogramma","Campogramma glaycos",1,44,NA,587,4253,2390738,2390739,NA,NA,NA,"Campogramma glaycos",14
2418016,"Carcharinus plumbeus (Nardo, 1827)","Carcharinus plumbeus","SPECIES","SYNONYM",98,"EXACT","Animalia","Chordata","Carcharhiniformes","Carcharhinidae","Carcharhinus","Carcharhinus plumbeus",1,44,121,887,2211,2417963,2418009,"Elasmobranchii",2418009,NA,"Carcharinus plumbeus",15
2286585,"Cerastoderma glaucum (Bruguière, 1789)","Cerastoderma glaucum","SPECIES","ACCEPTED",97,"EXACT","Animalia","Mollusca","Cardiida","Cardiidae","Cerastoderma","Cerastoderma glaucum",1,52,137,9529005,6858,2286580,2286585,"Bivalvia",NA,NA,"Cerastoderma glaucum",16
2420726,"Cetorhinus maximus (Gunnerus, 1765)","Cetorhinus maximus","SPECIES","ACCEPTED",99,"EXACT","Animalia","Chordata","Lamniformes","Cetorhinidae","Cetorhinus","Cetorhinus maximus",1,44,121,885,5889,2420725,2420726,"Elasmobranchii",NA,NA,"Cetorhinus maximus",17
2287705,"Chamelea gallina (Linnaeus, 1758)","Chamelea gallina","SPECIES","ACCEPTED",85,"FUZZY","Animalia","Mollusca","Venerida","Veneridae","Chamelea","Chamelea gallina",1,52,137,9310756,3445,2287704,2287705,"Bivalvia",NA,NA,"Chamellea gallina",18
2392679,"Dentex dentex (Linnaeus, 1758)","Dentex dentex","SPECIES","ACCEPTED",99,"EXACT","Animalia","Chordata","Perciformes","Sparidae","Dentex","Dentex dentex",1,44,NA,587,5068,2374819,2392679,NA,NA,NA,"Dentex dentex",19
2392664,"Dentex gibbosus (Rafinesque, 1810)","Dentex gibbosus","SPECIES","ACCEPTED",99,"EXACT","Animalia","Chordata","Perciformes","Sparidae","Dentex","Dentex gibbosus",1,44,NA,587,5068,2374819,2392664,NA,NA,NA,"Dentex gibbosus",20
2392672,"Dentex macrophthalmus (Bloch, 1791)","Dentex macrophthalmus","SPECIES","ACCEPTED",99,"EXACT","Animalia","Chordata","Perciformes","Sparidae","Dentex","Dentex macrophthalmus",1,44,NA,587,5068,2374819,2392672,NA,NA,NA,"Dentex macrophthalmus",21
2394622,"Dicentrarchus labrax (Linnaeus, 1758)","Dicentrarchus labrax","SPECIES","ACCEPTED",99,"EXACT","Animalia","Chordata","Perciformes","Moronidae","Dicentrarchus","Dicentrarchus labrax",1,44,NA,587,8545,2394621,2394622,NA,NA,NA,"Dicentrarchus labrax",22
5210983,"Diplodus annularis (Linnaeus, 1758)","Diplodus annularis","SPECIES","ACCEPTED",99,"EXACT","Animalia","Chordata","Perciformes","Sparidae","Diplodus","Diplodus annularis",1,44,NA,587,5068,2392461,5210983,NA,NA,NA,"Diplodus annularis",23
9777888,"Diplodus puntazzo (Walbaum, 1792)","Diplodus puntazzo","SPECIES","ACCEPTED",97,"EXACT","Animalia","Chordata","Perciformes","Sparidae","Diplodus","Diplodus puntazzo",1,44,NA,587,5068,2392461,9777888,NA,NA,NA,"Diplodus puntazzo",24
5210968,"Diplodus sargus (Linnaeus, 1758)","Diplodus sargus","SPECIES","ACCEPTED",99,"EXACT","Animalia","Chordata","Perciformes","Sparidae","Diplodus","Diplodus sargus",1,44,NA,587,5068,2392461,5210968,NA,NA,NA,"Diplodus sargus",25
5210979,"Diplodus vulgaris (Geoffroy Saint-Hilaire, 1817)","Diplodus vulgaris","SPECIES","ACCEPTED",99,"EXACT","Animalia","Chordata","Perciformes","Sparidae","Diplodus","Diplodus vulgaris",1,44,NA,587,5068,2392461,5210979,NA,NA,NA,"Diplodus vulgaris",26
5729032,"Donax trunculus Linnaeus, 1758","Donax trunculus","SPECIES","ACCEPTED",99,"EXACT","Animalia","Mollusca","Cardiida","Donacidae","Donax","Donax trunculus",1,52,137,9529005,6853,2287060,5729032,"Bivalvia",NA,NA,"Donax trunculus",27
2287837,"Dosinia exoleta (Linnaeus, 1758)","Dosinia exoleta","SPECIES","ACCEPTED",99,"EXACT","Animalia","Mollusca","Venerida","Veneridae","Dosinia","Dosinia exoleta",1,52,137,9310756,3445,2287833,2287837,"Bivalvia",NA,NA,"Dosinia exoleta",28
2414031,"Engraulis encrasicolus (Linnaeus, 1758)","Engraulis encrasicolus","SPECIES","ACCEPTED",99,"EXACT","Animalia","Chordata","Clupeiformes","Engraulidae","Engraulis","Engraulis encrasicolus",1,44,NA,538,7334,2352080,2414031,NA,NA,NA,"Engraulis encrasicolus",29
2388415,"Epinephelus aeneus (Geoffroy Saint-Hilaire, 1817)","Epinephelus aeneus","SPECIES","ACCEPTED",99,"EXACT","Animalia","Chordata","Perciformes","Serranidae","Epinephelus","Epinephelus aeneus",1,44,NA,587,8597,2335319,2388415,NA,NA,NA,"Epinephelus aeneus",30
2388133,"Epinephelus caninus (Valenciennes, 1843)","Epinephelus caninus","SPECIES","ACCEPTED",99,"EXACT","Animalia","Chordata","Perciformes","Serranidae","Epinephelus","Epinephelus caninus",1,44,NA,587,8597,2335319,2388133,NA,NA,NA,"Epinephelus caninus",31
2388567,"Epinephelus costae (Steindachner, 1878)","Epinephelus costae","SPECIES","ACCEPTED",99,"EXACT","Animalia","Chordata","Perciformes","Serranidae","Epinephelus","Epinephelus costae",1,44,NA,587,8597,2335319,2388567,NA,NA,NA,"Epinephelus costae",32
2388507,"Epinephelus marginatus (Lowe, 1834)","Epinephelus marginatus","SPECIES","ACCEPTED",99,"EXACT","Animalia","Chordata","Perciformes","Serranidae","Epinephelus","Epinephelus marginatus",1,44,NA,587,8597,2335319,2388507,NA,NA,NA,"Epinephelus marginatus",33
5208565,"Euthynnus alletteratus (Rafinesque, 1810)","Euthynnus alletteratus","SPECIES","ACCEPTED",99,"EXACT","Animalia","Chordata","Perciformes","Scombridae","Euthynnus","Euthynnus alletteratus",1,44,NA,587,8596,5208560,5208565,NA,NA,NA,"Euthynnus alletteratus",34
4374105,"Flexopecten glaber (Linnaeus, 1758)","Flexopecten glaber","SPECIES","ACCEPTED",99,"EXACT","Animalia","Mollusca","Pectinida","Pectinidae","Flexopecten","Flexopecten glaber",1,52,137,9250425,3472,4374085,4374105,"Bivalvia",NA,NA,"Flexopecten glaber",35
2418259,"Galeorhinus galeus (Linnaeus, 1758)","Galeorhinus galeus","SPECIES","ACCEPTED",99,"EXACT","Animalia","Chordata","Carcharhiniformes","Triakidae","Galeorhinus","Galeorhinus galeus",1,44,121,887,2206,2418258,2418259,"Elasmobranchii",NA,NA,"Galeorhinus galeus",36
5189082,"Gari depressa (Pennant, 1777)","Gari depressa","SPECIES","ACCEPTED",99,"EXACT","Animalia","Mollusca","Cardiida","Psammobiidae","Gari","Gari depressa",1,52,137,9529005,6846,7703694,5189082,"Bivalvia",NA,NA,"Gari depressa",37
2293076,"Haliotis tuberculata Linnaeus, 1758","Haliotis tuberculata","SPECIES","ACCEPTED",99,"EXACT","Animalia","Mollusca","Lepetellida","Haliotidae","Haliotis","Haliotis tuberculata",1,52,225,9799313,3245014,2293068,2293076,"Gastropoda",NA,NA,"Haliotis tuberculata",38
2420586,"Heptranchias perlo (Bonnaterre, 1788)","Heptranchias perlo","SPECIES","ACCEPTED",99,"EXACT","Animalia","Chordata","Hexanchiformes","Hexanchidae","Heptranchias","Heptranchias perlo",1,44,121,770,2204,2420585,2420586,"Elasmobranchii",NA,NA,"Heptranchias perlo",39
5972003,"Homarus gammarus (Linnaeus, 1758)","Homarus gammarus","SPECIES","ACCEPTED",99,"EXACT","Animalia","Arthropoda","Decapoda","Nephropidae","Homarus","Homarus gammarus",1,54,229,637,4523,5972002,5972003,"Malacostraca",NA,NA,"Homarus gammarus",40
5216239,"Lamna nasus (Bonnaterre, 1788)","Lamna nasus","SPECIES","ACCEPTED",99,"EXACT","Animalia","Chordata","Lamniformes","Lamnidae","Lamna","Lamna nasus",1,44,121,885,5888,2418232,5216239,"Elasmobranchii",NA,NA,"Lamna nasus",41
2392647,"Lithognathus mormyrus (Linnaeus, 1758)","Lithognathus mormyrus","SPECIES","ACCEPTED",99,"EXACT","Animalia","Chordata","Perciformes","Sparidae","Lithognathus","Lithognathus mormyrus",1,44,NA,587,5068,2392645,2392647,NA,NA,NA,"Lithognathus mormyrus",42
4374632,"Lithophaga lithophaga (Linnaeus, 1758)","Lithophaga lithophaga","SPECIES","ACCEPTED",99,"EXACT","Animalia","Mollusca","Mytilida","Mytilidae","Lithophaga","Lithophaga lithophaga",1,52,137,9330464,3476,2285722,4374632,"Bivalvia",NA,NA,"Lithophaga lithophaga",43
2290374,"Loligo vulgaris Lamarck, 1798","Loligo vulgaris","SPECIES","ACCEPTED",99,"EXACT","Animalia","Mollusca","Myopsida","Loliginidae","Loligo","Loligo vulgaris",1,52,136,7954962,3431,2289182,2290374,"Cephalopoda",NA,NA,"Loligo vulgaris",44
2415643,"Merluccius merluccius (Linnaeus, 1758)","Merluccius merluccius","SPECIES","ACCEPTED",99,"EXACT","Animalia","Chordata","Gadiformes","Merlucciidae","Merluccius","Merluccius merluccius",1,44,NA,549,3703,2415629,2415643,NA,NA,NA,"Merluccius merluccius",45
2415777,"Micromesistius poutassou (Risso, 1827)","Micromesistius poutassou","SPECIES","ACCEPTED",99,"EXACT","Animalia","Chordata","Gadiformes","Gadidae","Micromesistius","Micromesistius poutassou",1,44,NA,549,3701,2415773,2415777,NA,NA,NA,"Micromesistius poutassou",46
5727404,"Mitra zonata Marryat, 1819","Mitra zonata","SPECIES","SYNONYM",98,"EXACT","Animalia","Mollusca","Neogastropoda","Mitridae","Episcomitra","Episcomitra zonata",1,52,225,982,6773,4584502,9767835,"Gastropoda",9767835,NA,"Mitra zonata",47
2285653,"Modiolus barbatus (Linnaeus, 1758)","Modiolus barbatus","SPECIES","ACCEPTED",99,"EXACT","Animalia","Mollusca","Mytilida","Mytilidae","Modiolus","Modiolus barbatus",1,52,137,9330464,3476,2285647,2285653,"Bivalvia",NA,NA,"Modiolus barbatus",48
8189568,"Mugil cephalus Linnaeus, 1758","Mugil cephalus","SPECIES","ACCEPTED",99,"EXACT","Animalia","Chordata","Mugiliformes","Mugilidae","Mugil","Mugil cephalus",1,44,NA,1067,8473,7822511,8189568,NA,NA,NA,"Mugil cephalus",49
4284897,"Mullus barbatus Linnaeus, 1758","Mullus barbatus","SPECIES","ACCEPTED",99,"EXACT","Animalia","Chordata","Perciformes","Mullidae","Mullus","Mullus barbatus",1,44,NA,587,4287,2396859,4284897,NA,NA,NA,"Mullus barbatus",50
2396862,"Mullus surmuletus Linnaeus, 1758","Mullus surmuletus","SPECIES","ACCEPTED",99,"EXACT","Animalia","Chordata","Perciformes","Mullidae","Mullus","Mullus surmuletus",1,44,NA,587,4287,2396859,2396862,NA,NA,NA,"Mullus surmuletus",51
2418315,"Mustelus asterias Cloquet, 1819","Mustelus asterias","SPECIES","ACCEPTED",98,"EXACT","Animalia","Chordata","Carcharhiniformes","Triakidae","Mustelus","Mustelus asterias",1,44,121,887,2206,9530947,2418315,"Elasmobranchii",NA,NA,"Mustelus asterias",52
2418313,"Mustelus mustelus (Linnaeus, 1758)","Mustelus mustelus","SPECIES","ACCEPTED",99,"EXACT","Animalia","Chordata","Carcharhiniformes","Triakidae","Mustelus","Mustelus mustelus",1,44,121,887,2206,9530947,2418313,"Elasmobranchii",NA,NA,"Mustelus mustelus",53
2418361,"Mustelus punctulatus Risso, 1827","Mustelus punctulatus","SPECIES","ACCEPTED",99,"EXACT","Animalia","Chordata","Carcharhiniformes","Triakidae","Mustelus","Mustelus punctulatus",1,44,121,887,2206,9530947,2418361,"Elasmobranchii",NA,NA,"Mustelus punctulatus",54
2285683,"Mytilus galloprovincialis Lamarck, 1819","Mytilus galloprovincialis","SPECIES","ACCEPTED",85,"FUZZY","Animalia","Mollusca","Mytilida","Mytilidae","Mytilus","Mytilus galloprovincialis",1,52,137,9330464,3476,2285679,2285683,"Bivalvia",NA,NA,"Mytillus galloprovincialis",55
2226962,"Nephrops norvegicus (Linnaeus, 1758)","Nephrops norvegicus","SPECIES","ACCEPTED",99,"EXACT","Animalia","Arthropoda","Decapoda","Nephropidae","Nephrops","Nephrops norvegicus",1,54,229,637,4523,2226961,2226962,"Malacostraca",NA,NA,"Nephrops norvegicus",56
2392603,"Oblada melanura (Linnaeus, 1758)","Oblada melanura","SPECIES","ACCEPTED",96,"FUZZY","Animalia","Chordata","Perciformes","Sparidae","Oblada","Oblada melanura",1,44,NA,587,5068,2392602,2392603,NA,NA,NA,"Oblada melanurus",57
2286060,"Ostrea edulis Linnaeus, 1758","Ostrea edulis","SPECIES","ACCEPTED",99,"EXACT","Animalia","Mollusca","Ostreida","Ostreidae","Ostrea","Ostrea edulis",1,52,137,9485611,6871,2286059,2286060,"Bivalvia",NA,NA,"Ostrea edulis",58
2392566,"Pagellus acarne (Risso, 1827)","Pagellus acarne","SPECIES","ACCEPTED",99,"EXACT","Animalia","Chordata","Perciformes","Sparidae","Pagellus","Pagellus acarne",1,44,NA,587,5068,2392549,2392566,NA,NA,NA,"Pagellus acarne",59
2392557,"Pagellus bogaraveo (Brünnich, 1768)","Pagellus bogaraveo","SPECIES","ACCEPTED",99,"EXACT","Animalia","Chordata","Perciformes","Sparidae","Pagellus","Pagellus bogaraveo",1,44,NA,587,5068,2392549,2392557,NA,NA,NA,"Pagellus bogaraveo",60
2392554,"Pagellus erythrinus (Linnaeus, 1758)","Pagellus erythrinus","SPECIES","ACCEPTED",99,"EXACT","Animalia","Chordata","Perciformes","Sparidae","Pagellus","Pagellus erythrinus",1,44,NA,587,5068,2392549,2392554,NA,NA,NA,"Pagellus erythrinus",61
5210913,"Pagrus pagrus (Linnaeus, 1758)","Pagrus pagrus","SPECIES","ACCEPTED",99,"EXACT","Animalia","Chordata","Perciformes","Sparidae","Pagrus","Pagrus pagrus",1,44,NA,587,5068,2374952,5210913,NA,NA,NA,"Pagrus pagrus",62
2221606,"Palinurus elephas (Fabricius, 1787)","Palinurus elephas","SPECIES","ACCEPTED",99,"EXACT","Animalia","Arthropoda","Decapoda","Palinuridae","Palinurus","Palinurus elephas",1,54,229,637,4535,2221602,2221606,"Malacostraca",NA,NA,"Palinurus elephas",63
2223527,"Parapenaeus longirostris (Lucas, 1846)","Parapenaeus longirostris","SPECIES","ACCEPTED",99,"EXACT","Animalia","Arthropoda","Decapoda","Penaeidae","Parapenaeus","Parapenaeus longirostris",1,54,229,637,4551,2223525,2223527,"Malacostraca",NA,NA,"Parapenaeus longirostris",64
4374181,"Pecten jacobaeus (Linnaeus, 1758)","Pecten jacobaeus","SPECIES","ACCEPTED",99,"EXACT","Animalia","Mollusca","Pectinida","Pectinidae","Pecten","Pecten jacobaeus",1,52,137,9250425,3472,7976769,4374181,"Bivalvia",NA,NA,"Pecten jacobaeus",65
2288792,"Pholas dactylus Linnaeus, 1758","Pholas dactylus","SPECIES","ACCEPTED",99,"EXACT","Animalia","Mollusca","Myida","Pholadidae","Pholas","Pholas dactylus",1,52,137,9241244,3477,2288791,2288792,"Bivalvia",NA,NA,"Pholas dactylus",66
5214919,"Phycis blennoides (Brünnich, 1768)","Phycis blennoides","SPECIES","ACCEPTED",99,"EXACT","Animalia","Chordata","Gadiformes","Phycidae","Phycis","Phycis blennoides",1,44,NA,549,7665,7704239,5214919,NA,NA,NA,"Phycis blennoides",67
4374731,"Pinna nobilis Linnaeus, 1758","Pinna nobilis","SPECIES","ACCEPTED",99,"EXACT","Animalia","Mollusca","Ostreida","Pinnidae","Pinna","Pinna nobilis",1,52,137,9485611,6862,2285348,4374731,"Bivalvia",NA,NA,"Pinna nobilis",68
2409330,"Platichthys flesus (Linnaeus, 1758)","Platichthys flesus","SPECIES","ACCEPTED",99,"EXACT","Animalia","Chordata","Pleuronectiformes","Pleuronectidae","Platichthys","Platichthys flesus",1,44,NA,588,8611,2409326,2409330,NA,NA,NA,"Platichthys flesus",69
5211265,"Polyprion americanus (Bloch & Schneider, 1801)","Polyprion americanus","SPECIES","ACCEPTED",99,"EXACT","Animalia","Chordata","Perciformes","Polyprionidae","Polyprion","Polyprion americanus",1,44,NA,587,4497,3237984,5211265,NA,NA,NA,"Polyprion americanus",70
5208090,"Pomatomus saltatrix (Linnaeus, 1766)","Pomatomus saltatrix","SPECIES","ACCEPTED",99,"EXACT","Animalia","Chordata","Perciformes","Pomatomidae","Pomatomus","Pomatomus saltatrix",1,44,NA,587,6193,2369654,5208090,NA,NA,NA,"Pomatomus saltatrix",71
2391175,"Pseudocaranx dentex (Bloch & Schneider, 1801)","Pseudocaranx dentex","SPECIES","ACCEPTED",99,"EXACT","Animalia","Chordata","Perciformes","Carangidae","Pseudocaranx","Pseudocaranx dentex",1,44,NA,587,4253,2391169,2391175,NA,NA,NA,"Pseudocaranx dentex",72
4372687,"Ruditapes decussatus (Linnaeus, 1758)","Ruditapes decussatus","SPECIES","ACCEPTED",99,"EXACT","Animalia","Mollusca","Venerida","Veneridae","Ruditapes","Ruditapes decussatus",1,52,137,9310756,3445,2287625,4372687,"Bivalvia",NA,NA,"Ruditapes decussatus",73
5208593,"Sarda sarda (Bloch, 1793)","Sarda sarda","SPECIES","ACCEPTED",99,"EXACT","Animalia","Chordata","Perciformes","Scombridae","Sarda","Sarda sarda",1,44,NA,587,8596,2374344,5208593,NA,NA,NA,"Sarda sarda",74
2413224,"Sardina pilchardus (Walbaum, 1792)","Sardina pilchardus","SPECIES","ACCEPTED",99,"EXACT","Animalia","Chordata","Clupeiformes","Clupeidae","Sardina","Sardina pilchardus",1,44,NA,538,7332,2413223,2413224,NA,NA,NA,"Sardina pilchardus",75
2412864,"Sardinella aurita Valenciennes, 1847","Sardinella aurita","SPECIES","ACCEPTED",99,"EXACT","Animalia","Chordata","Clupeiformes","Clupeidae","Sardinella","Sardinella aurita",1,44,NA,538,7332,2387162,2412864,NA,NA,NA,"Sardinella aurita",76
2412854,"Sardinella maderensis (Lowe, 1838)","Sardinella maderensis","SPECIES","ACCEPTED",99,"EXACT","Animalia","Chordata","Clupeiformes","Clupeidae","Sardinella","Sardinella maderensis",1,44,NA,538,7332,2387162,2412854,NA,NA,NA,"Sardinella maderensis",77
2392628,"Sarpa salpa (Linnaeus, 1758)","Sarpa salpa","SPECIES","ACCEPTED",99,"EXACT","Animalia","Chordata","Perciformes","Sparidae","Sarpa","Sarpa salpa",1,44,NA,587,5068,2392627,2392628,NA,NA,NA,"Sarpa salpa",78
7599552,"Scomber japonicus Houttuyn, 1782","Scomber japonicus","SPECIES","ACCEPTED",99,"EXACT","Animalia","Chordata","Perciformes","Scombridae","Scomber","Scomber japonicus",1,44,NA,587,8596,2374148,7599552,NA,NA,NA,"Scomber japonicus",79
2374149,"Scomber scombrus Linnaeus, 1758","Scomber scombrus","SPECIES","ACCEPTED",99,"EXACT","Animalia","Chordata","Perciformes","Scombridae","Scomber","Scomber scombrus",1,44,NA,587,8596,2374148,2374149,NA,NA,NA,"Scomber scombrus",80
2409418,"Scophthalmus maximus (Linnaeus, 1758)","Scophthalmus maximus","SPECIES","ACCEPTED",99,"EXACT","Animalia","Chordata","Pleuronectiformes","Scophthalmidae","Scophthalmus","Scophthalmus maximus",1,44,NA,588,5085,2409400,2409418,NA,NA,NA,"Scophthalmus maximus",81
2221735,"Scyllarides latus (Latreille, 1803)","Scyllarides latus","SPECIES","ACCEPTED",99,"EXACT","Animalia","Arthropoda","Decapoda","Scyllaridae","Scyllarides","Scyllarides latus",1,54,229,637,9685,2221726,2221735,"Malacostraca",NA,NA,"Scyllarides latus",82
2290849,"Sepia officinalis Linnaeus, 1758","Sepia officinalis","SPECIES","ACCEPTED",99,"EXACT","Animalia","Mollusca","Sepiida","Sepiidae","Sepia","Sepia officinalis",1,52,136,989,6832,2289099,2290849,"Cephalopoda",NA,NA,"Sepia officinalis",83
5961696,"Seriola dumerili (Risso, 1810)","Seriola dumerili","SPECIES","ACCEPTED",99,"EXACT","Animalia","Chordata","Perciformes","Carangidae","Seriola","Seriola dumerili",1,44,NA,587,4253,3235319,5961696,NA,NA,NA,"Seriola dumerili",84
2390262,"Siganus luridus (Rüppell, 1829)","Siganus luridus","SPECIES","ACCEPTED",99,"EXACT","Animalia","Chordata","Perciformes","Siganidae","Siganus","Siganus luridus",1,44,NA,587,5066,2390168,2390262,NA,NA,NA,"Siganus luridus",85
2390185,"Siganus rivulatus Forsskål & Niebuhr, 1775","Siganus rivulatus","SPECIES","ACCEPTED",99,"EXACT","Animalia","Chordata","Perciformes","Siganidae","Siganus","Siganus rivulatus",1,44,NA,587,5066,2390168,2390185,NA,NA,NA,"Siganus rivulatus",86
NA,NA,NA,NA,NA,100,"NONE",NA,NA,NA,NA,NA,NA,NA,NA,NA,NA,NA,NA,NA,NA,NA,FALSE,"Solea sole?",87
2393905,"Sparisoma cretense (Linnaeus, 1758)","Sparisoma cretense","SPECIES","ACCEPTED",99,"EXACT","Animalia","Chordata","Perciformes","Scaridae","Sparisoma","Sparisoma cretense",1,44,NA,587,4504,2393893,2393905,NA,NA,NA,"Sparisoma cretense",88
2394271,"Sphyraena sphyraena (Linnaeus, 1758)","Sphyraena sphyraena","SPECIES","ACCEPTED",99,"EXACT","Animalia","Chordata","Perciformes","Sphyraenidae","Sphyraena","Sphyraena sphyraena",1,44,NA,587,5069,2369201,2394271,NA,NA,NA,"Sphyraena sphyraena",89
2394222,"Sphyraena viridensis Cuvier, 1829","Sphyraena viridensis","SPECIES","ACCEPTED",99,"EXACT","Animalia","Chordata","Perciformes","Sphyraenidae","Sphyraena","Sphyraena viridensis",1,44,NA,587,5069,2369201,2394222,NA,NA,NA,"Sphyraena viridensis",90
2393205,"Spicara maena (Linnaeus, 1758)","Spicara maena","SPECIES","ACCEPTED",99,"EXACT","Animalia","Chordata","Perciformes","Sparidae","Spicara","Spicara maena",1,44,NA,587,5068,2393204,2393205,NA,NA,NA,"Spicara maena",91
2393236,"Spicara smaris (Linnaeus, 1758)","Spicara smaris","SPECIES","ACCEPTED",99,"EXACT","Animalia","Chordata","Perciformes","Sparidae","Spicara","Spicara smaris",1,44,NA,587,5068,2393204,2393236,NA,NA,NA,"Spicara smaris",92
5188986,"Spisula subtruncata (da Costa, 1778)","Spisula subtruncata","SPECIES","ACCEPTED",99,"EXACT","Animalia","Mollusca","Venerida","Mactridae","Spisula","Spisula subtruncata",1,52,137,9310756,3454,2286425,5188986,"Bivalvia",NA,NA,"Spisula subtruncata",93
2392356,"Spondyliosoma cantharus (Linnaeus, 1758)","Spondyliosoma cantharus","SPECIES","ACCEPTED",99,"EXACT","Animalia","Chordata","Perciformes","Sparidae","Spondyliosoma","Spondyliosoma cantharus",1,44,NA,587,5068,2392351,2392356,NA,NA,NA,"Spondyliosoma cantharus",94
5729646,"Spondylus gaederopus Linnaeus, 1758","Spondylus gaederopus","SPECIES","ACCEPTED",85,"FUZZY","Animalia","Mollusca","Pectinida","Spondylidae","Spondylus","Spondylus gaederopus",1,52,137,9250425,6868,2285804,5729646,"Bivalvia",NA,NA,"Sponylus gaederopus",95
9069902,"Squatina Duméril, 1805","Squatina","GENUS","ACCEPTED",94,"HIGHERRANK","Animalia","Chordata","Squatiniformes","Squatinidae","Squatina",NA,1,44,121,882,2185,9069902,NA,"Elasmobranchii",NA,NA,"Squatina spp",96
5193428,"Thais haemastoma (Linnaeus, 1767)","Thais haemastoma","SPECIES","SYNONYM",98,"EXACT","Animalia","Mollusca","Neogastropoda","Muricidae","Stramonita","Stramonita haemastoma",1,52,225,982,2304120,2304356,2304357,"Gastropoda",2304357,NA,"Thais haemastoma",97
9694948,"Thunnus alalunga (Bonnaterre, 1788)","Thunnus alalunga","SPECIES","ACCEPTED",97,"EXACT","Animalia","Chordata","Perciformes","Scombridae","Thunnus","Thunnus alalunga",1,44,NA,587,8596,2373932,9694948,NA,NA,NA,"Thunnus alalunga",98
2300446,"Tonna galea (Linnaeus, 1758)","Tonna galea","SPECIES","ACCEPTED",99,"EXACT","Animalia","Mollusca","Littorinimorpha","Tonnidae","Tonna","Tonna galea",1,52,225,7390893,2661,2300443,2300446,"Gastropoda",NA,NA,"Tonna galea",99
5210674,"Trachinotus ovatus (Linnaeus, 1758)","Trachinotus ovatus","SPECIES","ACCEPTED",99,"EXACT","Animalia","Chordata","Perciformes","Carangidae","Trachinotus","Trachinotus ovatus",1,44,NA,587,4253,2391252,5210674,NA,NA,NA,"Trachinotus ovatus",100
5210490,"Trachurus picturatus (Bowdich, 1825)","Trachurus picturatus","SPECIES","ACCEPTED",99,"EXACT","Animalia","Chordata","Perciformes","Carangidae","Trachurus","Trachurus picturatus",1,44,NA,587,4253,5428896,5210490,NA,NA,NA,"Trachurus picturatus",101
2394370,"Uranoscopus scaber Linnaeus, 1758","Uranoscopus scaber","SPECIES","ACCEPTED",99,"EXACT","Animalia","Chordata","Perciformes","Uranoscopidae","Uranoscopus","Uranoscopus scaber",1,44,NA,587,8603,2369638,2394370,NA,NA,NA,"Uranoscopus scaber",102
NA,NA,NA,NA,NA,100,"NONE",NA,NA,NA,NA,NA,NA,NA,NA,NA,NA,NA,NA,NA,NA,NA,FALSE,"Venerus spp",103
2397850,"Xiphias gladius Linnaeus, 1758","Xiphias gladius","SPECIES","ACCEPTED",99,"EXACT","Animalia","Chordata","Perciformes","Xiphiidae","Xiphias","Xiphias gladius",1,44,NA,587,8604,2397849,2397850,NA,NA,NA,"Xiphias gladius",104
5192644,"Charonia tritonis (Linnaeus, 1758)","Charonia tritonis","SPECIES","ACCEPTED",99,"EXACT","Animalia","Mollusca","Littorinimorpha","Charoniidae","Charonia","Charonia tritonis",1,52,225,7390893,9252056,3246910,5192644,"Gastropoda",NA,NA,"Charonia tritonis",105
2278845,"Paracentrotus lividus (Lamarck, 1816)","Paracentrotus lividus","SPECIES","ACCEPTED",99,"EXACT","Animalia","Echinodermata","Camarodonta","Parechinidae","Paracentrotus","Paracentrotus lividus",1,50,221,5964707,4876684,2278844,2278845,"Echinoidea",NA,NA,"Paracentrotus lividus",106
5210496,"Trachurus mediterraneus (Steindachner, 1868)","Trachurus mediterraneus","SPECIES","ACCEPTED",99,"EXACT","Animalia","Chordata","Perciformes","Carangidae","Trachurus","Trachurus mediterraneus",1,44,NA,587,4253,5428896,5210496,NA,NA,NA,"Trachurus mediterraneus",107
2374161,"Scomber colias Gmelin, 1789","Scomber colias","SPECIES","ACCEPTED",99,"EXACT","Animalia","Chordata","Perciformes","Scombridae","Scomber","Scomber colias",1,44,NA,587,8596,2374148,2374161,NA,NA,NA,"Scomber colias",108
2392508,"Sparus aurata Linnaeus, 1758","Sparus aurata","SPECIES","ACCEPTED",99,"EXACT","Animalia","Chordata","Perciformes","Sparidae","Sparus","Sparus aurata",1,44,NA,587,5068,2356661,2392508,NA,NA,NA,"Sparus aurata",109
5210473,"Trachurus trachurus (Linnaeus, 1758)","Trachurus trachurus","SPECIES","ACCEPTED",99,"EXACT","Animalia","Chordata","Perciformes","Carangidae","Trachurus","Trachurus trachurus",1,44,NA,587,4253,5428896,5210473,NA,NA,NA,"Trachurus trachurus ",110
2373980,"Thunnus thynnus (Linnaeus, 1758)","Thunnus thynnus","SPECIES","ACCEPTED",99,"EXACT","Animalia","Chordata","Perciformes","Scombridae","Thunnus","Thunnus thynnus",1,44,NA,587,8596,2373932,2373980,NA,NA,NA,"Thunnus thynnus",111
2383057,"Xyrichtys novacula (Linnaeus, 1758)","Xyrichtys novacula","SPECIES","ACCEPTED",85,"FUZZY","Animalia","Chordata","Perciformes","Labridae","Xyrichtys","Xyrichtys novacula",1,44,NA,587,8535,2383029,2383057,NA,NA,NA,"Xyrichtis novacula",112
2334600,"Scorpaena porcus Linnaeus, 1758","Scorpaena porcus","SPECIES","ACCEPTED",99,"EXACT","Animalia","Chordata","Scorpaeniformes","Scorpaenidae","Scorpaena","Scorpaena porcus",1,44,NA,590,4508,2333694,2334600,NA,NA,NA,"Scorpaena porcus",113
2334574,"Scorpaena scrofa Linnaeus, 1758","Scorpaena scrofa","SPECIES","ACCEPTED",99,"EXACT","Animalia","Chordata","Scorpaeniformes","Scorpaenidae","Scorpaena","Scorpaena scrofa",1,44,NA,590,4508,2333694,2334574,NA,NA,NA,"Scorpaena scrofa",114
2403490,"Conger conger (Linnaeus, 1758)","Conger conger","SPECIES","ACCEPTED",99,"EXACT","Animalia","Chordata","Anguilliformes","Congridae","Conger","Conger conger",1,44,NA,495,2951,10061929,2403490,NA,NA,NA,"Conger conger",115
2386475,"Trachinus draco Linnaeus, 1758","Trachinus draco","SPECIES","ACCEPTED",99,"EXACT","Animalia","Chordata","Perciformes","Trachinidae","Trachinus","Trachinus draco",1,44,NA,587,5074,2335090,2386475,NA,NA,NA,"Trachinus draco",116
2415075,"Lophius piscatorius Linnaeus, 1758","Lophius piscatorius","SPECIES","ACCEPTED",99,"EXACT","Animalia","Chordata","Lophiiformes","Lophiidae","Lophius","Lophius piscatorius",1,44,NA,1305,3876,2350830,2415075,NA,NA,NA,"Lophius piscatorius",117
2415070,"Lophius budegassa Spinola, 1807","Lophius budegassa","SPECIES","ACCEPTED",99,"EXACT","Animalia","Chordata","Lophiiformes","Lophiidae","Lophius","Lophius budegassa",1,44,NA,1305,3876,2350830,2415070,NA,NA,NA,"Lophius budegassa",118
2391092,"Lichia amia (Linnaeus, 1758)","Lichia amia","SPECIES","ACCEPTED",99,"EXACT","Animalia","Chordata","Perciformes","Carangidae","Lichia","Lichia amia",1,44,NA,587,4253,2391091,2391092,NA,NA,NA,"Lichia amia",119
2388714,"Serranus scriba (Linnaeus, 1758)","Serranus scriba","SPECIES","ACCEPTED",99,"EXACT","Animalia","Chordata","Perciformes","Serranidae","Serranus","Serranus scriba",1,44,NA,587,8597,9373339,2388714,NA,NA,NA,"Serranus scriba",120
2388710,"Serranus cabrilla (Linnaeus, 1758)","Serranus cabrilla","SPECIES","ACCEPTED",99,"EXACT","Animalia","Chordata","Perciformes","Serranidae","Serranus","Serranus cabrilla",1,44,NA,587,8597,9373339,2388710,NA,NA,NA,"Serranus cabrilla",121
2399670,"Sciaena umbra Linnaeus, 1758","Sciaena umbra","SPECIES","ACCEPTED",98,"EXACT","Animalia","Chordata","Perciformes","Sciaenidae","Sciaena","Sciaena umbra",1,44,NA,587,5062,2356691,2399670,NA,NA,NA,"Sciaena umbra",122
2289671,"Octopus vulgaris Cuvier, 1797","Octopus vulgaris","SPECIES","ACCEPTED",98,"EXACT","Animalia","Mollusca","Octopoda","Octopodidae","Octopus","Octopus vulgaris",1,52,136,459,6835,2289226,2289671,"Cephalopoda",NA,NA,"Octopus vulgaris",123
2381939,"Coryphaena hippurus Linnaeus, 1758","Coryphaena hippurus","SPECIES","ACCEPTED",99,"EXACT","Animalia","Chordata","Perciformes","Coryphaenidae","Coryphaena","Coryphaena hippurus",1,44,NA,587,4262,2369535,2381939,NA,NA,NA,"Coryphaena hippurus",124
NA,NA,NA,NA,NA,100,"NONE",NA,NA,NA,NA,NA,NA,NA,NA,NA,NA,NA,NA,NA,NA,NA,FALSE,"Penaeus Kerathurus",125
5200938,"Fistularia commersonii Rüppell, 1838","Fistularia commersonii","SPECIES","ACCEPTED",99,"EXACT","Animalia","Chordata","Syngnathiformes","Fistulariidae","Fistularia","Fistularia commersonii",1,44,NA,773,5902,9720698,5200938,NA,NA,NA,"Fistularia commersonii ",126
2334433,"Pterois miles (Bennett, 1828)","Pterois miles","SPECIES","ACCEPTED",99,"EXACT","Animalia","Chordata","Scorpaeniformes","Scorpaenidae","Pterois","Pterois miles",1,44,NA,590,4508,2334432,2334433,NA,NA,NA,"Pterois miles ",127
2396749,"Parupeneus forsskali (Fourmanoir & Guézé, 1976)","Parupeneus forsskali","SPECIES","ACCEPTED",99,"EXACT","Animalia","Chordata","Perciformes","Mullidae","Parupeneus","Parupeneus forsskali",1,44,NA,587,4287,2396603,2396749,NA,NA,NA,"Parupeneus forsskali ",128
2394252,"Sphyraena chrysotaenia Klunzinger, 1884","Sphyraena chrysotaenia","SPECIES","ACCEPTED",99,"EXACT","Animalia","Chordata","Perciformes","Sphyraenidae","Sphyraena","Sphyraena chrysotaenia",1,44,NA,587,5069,2369201,2394252,NA,NA,NA,"Sphyraena chrysotaenia ",129
2368968,"Hemiramphus far (Forsskål, 1775)","Hemiramphus far","SPECIES","ACCEPTED",99,"EXACT","Animalia","Chordata","Beloniformes","Hemiramphidae","Hemiramphus","Hemiramphus far",1,44,NA,498,7191,2368949,2368968,NA,NA,NA,"Hemiramphus far ",130
8456531,"Saurida lessepsianus Russell, Golani & Tikochinski, 2015","Saurida lessepsianus","SPECIES","ACCEPTED",99,"EXACT","Animalia","Chordata","Aulopiformes","Synodontidae","Saurida","Saurida lessepsianus",1,44,NA,497,2967,2401132,8456531,NA,NA,NA,"Saurida lessepsianus",131
5213449,"Stephanolepis diaspros Fraser-Brunner, 1940","Stephanolepis diaspros","SPECIES","ACCEPTED",99,"EXACT","Animalia","Chordata","Tetraodontiformes","Monacanthidae","Stephanolepis","Stephanolepis diaspros",1,44,NA,772,5896,2406762,5213449,NA,NA,NA,"Stephanolepis diaspros ",132
2356802,"Sargocentron rubrum (Forsskål, 1775)","Sargocentron rubrum","SPECIES","ACCEPTED",99,"EXACT","Animalia","Chordata","Beryciformes","Holocentridae","Sargocentron","Sargocentron rubrum",1,44,NA,499,7195,2356717,2356802,NA,NA,NA,"Sargocentron rubrum ",133
9377860,"Planiliza haematocheila (Temminck & Schlegel, 1845)","Planiliza haematocheila","SPECIES","ACCEPTED",96,"FUZZY","Animalia","Chordata","Mugiliformes","Mugilidae","Planiliza","Planiliza haematocheila",1,44,NA,1067,8473,4835954,9377860,NA,NA,NA,"Planiliza haematocheilus",134
7999925,"Atherinomorus forskalii (Rüppell, 1838)","Atherinomorus forskalii","SPECIES","ACCEPTED",99,"EXACT","Animalia","Chordata","Atheriniformes","Atherinidae","Atherinomorus","Atherinomorus forskalii",1,44,NA,496,7172,2411792,7999925,NA,NA,NA,"Atherinomorus forskalii ",135
2393577,"Scarus ghobban Forsskål, 1775","Scarus ghobban","SPECIES","ACCEPTED",99,"EXACT","Animalia","Chordata","Perciformes","Scaridae","Scarus","Scarus ghobban",1,44,NA,587,4504,2371535,2393577,NA,NA,NA,"Scarus ghobban ",136
2374255,"Scomberomorus commerson (Lacepède, 1800)","Scomberomorus commerson","SPECIES","ACCEPTED",99,"EXACT","Animalia","Chordata","Perciformes","Scombridae","Scomberomorus","Scomberomorus commerson",1,44,NA,587,8596,2374232,2374255,NA,NA,NA,"Scomberomorus commerson",137
2396797,"Upeneus pori Ben-Tuvia & Golani, 1989","Upeneus pori","SPECIES","ACCEPTED",99,"EXACT","Animalia","Chordata","Perciformes","Mullidae","Upeneus","Upeneus pori",1,44,NA,587,4287,2396755,2396797,NA,NA,NA,"Upeneus pori ",138
2390581,"Alepes djedaba (Forsskål, 1775)","Alepes djedaba","SPECIES","ACCEPTED",99,"EXACT","Animalia","Chordata","Perciformes","Carangidae","Alepes","Alepes djedaba",1,44,NA,587,4253,2390579,2390581,NA,NA,NA,"Alepes djedaba",139
2407758,"Lagocephalus sceleratus (Gmelin, 1789)","Lagocephalus sceleratus","SPECIES","ACCEPTED",99,"EXACT","Animalia","Chordata","Tetraodontiformes","Tetraodontidae","Lagocephalus","Lagocephalus sceleratus",1,44,NA,772,2219,2407740,2407758,NA,NA,NA,"Lagocephalus sceleratus",140
8920970,"Sepioteuthis lessoniana d'Orbigny, 1826","Sepioteuthis lessoniana","SPECIES","ACCEPTED",98,"EXACT","Animalia","Mollusca","Myopsida","Loliginidae","Sepioteuthis","Sepioteuthis lessoniana",1,52,136,7954962,3431,2290197,8920970,"Cephalopoda",NA,NA,"Sepioteuthis lessoniana",141
2374391,"Pempheris rhomboidea Kossmann & Räuber, 1877","Pempheris rhomboidea","SPECIES","ACCEPTED",99,"EXACT","Animalia","Chordata","Perciformes","Pempheridae","Pempheris","Pempheris rhomboidea",1,44,NA,587,8573,2374368,2374391,NA,NA,NA,"Pempheris rhomboidea",142
2225646,"Callinectes sapidus Rathbun, 1896","Callinectes sapidus","SPECIES","ACCEPTED",99,"EXACT","Animalia","Arthropoda","Decapoda","Portunidae","Callinectes","Callinectes sapidus",1,54,229,637,4555,2225641,2225646,"Malacostraca",NA,NA,"Callinectes sapidus",143
5721108,"Diadema setosum (Leske, 1778)","Diadema setosum","SPECIES","ACCEPTED",99,"EXACT","Animalia","Echinodermata","Diadematoida","Diadematidae","Diadema","Diadema setosum",1,50,221,1468,9631,2279021,5721108,"Echinoidea",NA,NA,"Diadema setosum ",144
